video_id,title,url,duration,quality,rating,views,upload_time,thumbnail,page_number,scraped_at
lost-bet-bigger-guy-gets-pelted-with-balls-naked,Lost Bet - Bigger Guy gets pelted with balls naked,https://thisvid.com/videos/lost-bet-bigger-guy-gets-pelted-with-balls-naked/,1:43,HD,0%,0,1 minute ago,https://media.thisvid.com/contents/videos_screenshots/13880000/13880674/240x180/2.jpg,1,2026-02-16T02:28:21.546950
pissing3400,pissing - video 754,https://thisvid.com/videos/pissing3400/,2:49,HD,0%,0,1 minute ago,https://media.thisvid.com/contents/videos_screenshots/13880000/13880668/240x180/1.jpg,1,2026-02-16T02:28:21.546967
hairy-giant-cums-on-tiny-man,Hairy giant cums on tiny man,https://thisvid.com/videos/hairy-giant-cums-on-tiny-man/,0:04,,0%,0,2 minutes ago,https://media.thisvid.com/contents/videos_screenshots/13880000/13880666/240x180/2.jpg,1,2026-02-16T02:28:21.546971
giant-silver-daddy-flexes-for-you,Giant silver daddy flexes for you,https://thisvid.com/videos/giant-silver-daddy-flexes-for-you/,0:04,,0%,0,5 minutes ago,https://media.thisvid.com/contents/videos_screenshots/13880000/13880659/240x180/2.jpg,1,2026-02-16T02:28:21.546974
lost-bet-electrocution-to-ass,Lost Bet - Electrocution to Ass,https://thisvid.com/videos/lost-bet-electrocution-to-ass/,4:48,HD,20%,0,6 minutes ago,https://media.thisvid.com/contents/videos_screenshots/13880000/13880647/240x180/3.jpg,1,2026-02-16T02:28:21.546977
lost-bet-bigger-guy-has-to-skinny-dip,Lost Bet - Bigger guy has to skinny dip,https://thisvid.com/videos/lost-bet-bigger-guy-has-to-skinny-dip/,0:37,,0%,0,8 minutes ago,https://media.thisvid.com/contents/videos_screenshots/13880000/13880650/240x180/2.jpg,1,2026-02-16T02:28:21.546980
h-tero-virou-puta-e-mostrou-o-cuzinho,Hétero virou puta e mostrou o cuzinho,https://thisvid.com/videos/h-tero-virou-puta-e-mostrou-o-cuzinho/,0:24,HD,20%,0,9 minutes ago,https://media.thisvid.com/contents/videos_screenshots/13880000/13880646/240x180/2.jpg,1,2026-02-16T02:28:21.546983
boss-jerking-off-plays,boss jerking off plays,https://thisvid.com/videos/boss-jerking-off-plays/,6:57,HD,100%,1,10 minutes ago,https://media.thisvid.com/contents/videos_screenshots/13880000/13880634/240x180/2.jpg,1,2026-02-16T02:28:21.546986
enjoying-my-loafers,Enjoying my loafers,https://thisvid.com/videos/enjoying-my-loafers/,1:29,HD,0%,0,12 minutes ago,https://media.thisvid.com/contents/videos_screenshots/13880000/13880642/240x180/2.jpg,1,2026-02-16T02:28:21.546989
piss-popper-wank-in-sweatpants,Piss popper wank in sweatpants,https://thisvid.com/videos/piss-popper-wank-in-sweatpants/,1:35,HD,70%,2,13 minutes ago,https://media.thisvid.com/contents/videos_screenshots/13880000/13880638/240x180/2.jpg,1,2026-02-16T02:28:21.546992
rubbing-oil-on-muscular-alpha-master,Rubbing oil on muscular alpha master,https://thisvid.com/videos/rubbing-oil-on-muscular-alpha-master/,2:34,,100%,1,13 minutes ago,https://media.thisvid.com/contents/videos_screenshots/13880000/13880635/240x180/2.jpg,1,2026-02-16T02:28:21.546995
daddy-bear-chubby-huge-cumshot,daddy bear chubby huge cumshot,https://thisvid.com/videos/daddy-bear-chubby-huge-cumshot/,0:35,,80%,1,15 minutes ago,https://media.thisvid.com/contents/videos_screenshots/13880000/13880624/240x180/6.jpg,1,2026-02-16T02:28:21.546998
the-only-good-use-for-its-head,The only good use for its head,https://thisvid.com/videos/the-only-good-use-for-its-head/,0:42,HD,0%,17,19 minutes ago,https://media.thisvid.com/contents/videos_screenshots/13880000/13880612/240x180/2.jpg,1,2026-02-16T02:28:21.547001
boss-jerking-off-cums2,boss jerking off cums - video 2,https://thisvid.com/videos/boss-jerking-off-cums2/,3:11,HD,33%,39,21 minutes ago,https://media.thisvid.com/contents/videos_screenshots/13880000/13880609/240x180/4.jpg,1,2026-02-16T02:28:21.547010
fag-stripping-and-showing-off2,Fag stripping and showing off,https://thisvid.com/videos/fag-stripping-and-showing-off2/,1:00,HD,75%,20,21 minutes ago,https://media.thisvid.com/contents/videos_screenshots/13880000/13880604/240x180/2.jpg,1,2026-02-16T02:28:21.547013
dancing-is-happiness,dancing is happiness,https://thisvid.com/videos/dancing-is-happiness/,1:12,HD,20%,8,22 minutes ago,https://media.thisvid.com/contents/videos_screenshots/13880000/13880602/240x180/2.jpg,1,2026-02-16T02:28:21.547016
daddy-with-huge-cumshot,daddy with huge cumshot,https://thisvid.com/videos/daddy-with-huge-cumshot/,1:09,HD,100%,66,24 minutes ago,https://media.thisvid.com/contents/videos_screenshots/13880000/13880600/240x180/6.jpg,1,2026-02-16T02:28:21.547020
assplay72,assplay - video 14,https://thisvid.com/videos/assplay72/,10:42,HD,100%,26,25 minutes ago,https://media.thisvid.com/contents/videos_screenshots/13880000/13880580/240x180/6.jpg,1,2026-02-16T02:28:21.547022
on-the-road18,on the road - video 9,https://thisvid.com/videos/on-the-road18/,0:39,HD,100%,25,29 minutes ago,https://media.thisvid.com/contents/videos_screenshots/13880000/13880570/240x180/2.jpg,1,2026-02-16T02:28:21.547025
brazilian-daddy-truck-driver-big-dick,brazilian daddy truck driver big dick,https://thisvid.com/videos/brazilian-daddy-truck-driver-big-dick/,1:23,HD,60%,55,30 minutes ago,https://media.thisvid.com/contents/videos_screenshots/13880000/13880553/240x180/4.jpg,1,2026-02-16T02:28:21.547028
kickboxer-practices-jacks-cums,"Kickboxer Practices, Jacks, Cums",https://thisvid.com/videos/kickboxer-practices-jacks-cums/,10:41,,73%,61,31 minutes ago,https://media.thisvid.com/contents/videos_screenshots/13880000/13880541/240x180/2.jpg,1,2026-02-16T02:28:21.547032
boss-ass-need-your-help,boss ass need your help,https://thisvid.com/videos/boss-ass-need-your-help/,3:48,HD,20%,26,32 minutes ago,https://media.thisvid.com/contents/videos_screenshots/13880000/13880566/240x180/2.jpg,1,2026-02-16T02:28:21.547035
lick-master-s-spit-off-his-shoe,Lick master's spit off his shoe,https://thisvid.com/videos/lick-master-s-spit-off-his-shoe/,2:00,HD,100%,9,33 minutes ago,https://media.thisvid.com/contents/videos_screenshots/13880000/13880564/240x180/6.jpg,1,2026-02-16T02:28:21.547037
brazilian-daddy-with-your-thick-dick,brazilian daddy with your thick dick,https://thisvid.com/videos/brazilian-daddy-with-your-thick-dick/,0:27,HD,0%,32,33 minutes ago,https://media.thisvid.com/contents/videos_screenshots/13880000/13880562/240x180/4.jpg,1,2026-02-16T02:28:21.547040
shoulder-fisting-compilation-part-3,Shoulder fisting compilation part 3,https://thisvid.com/videos/shoulder-fisting-compilation-part-3/,9:01,HD,100%,52,34 minutes ago,https://media.thisvid.com/contents/videos_screenshots/13880000/13880554/240x180/6.jpg,1,2026-02-16T02:28:21.547043
boss-toy-play3,boss toy play - video 3,https://thisvid.com/videos/boss-toy-play3/,6:51,HD,0%,28,38 minutes ago,https://media.thisvid.com/contents/videos_screenshots/13880000/13880539/240x180/2.jpg,1,2026-02-16T02:28:21.547046
hot-blond-bodybuilder-showing-off5,hot blond bodybuilder showing off - video 6,https://thisvid.com/videos/hot-blond-bodybuilder-showing-off5/,8:12,HD,100%,56,39 minutes ago,https://media.thisvid.com/contents/videos_screenshots/13880000/13880498/240x180/2.jpg,1,2026-02-16T02:28:21.547049
swallowing-str8-guy,Swallowing str8 guy,https://thisvid.com/videos/swallowing-str8-guy/,0:14,HD,0%,148,42 minutes ago,https://media.thisvid.com/contents/videos_screenshots/13880000/13880527/240x180/2.jpg,1,2026-02-16T02:28:21.547053
looking-for-dominant-guy-to-chop-off-my-modified-cock,Looking for dominant guy to chop off my modified cock,https://thisvid.com/videos/looking-for-dominant-guy-to-chop-off-my-modified-cock/,0:42,HD,100%,95,42 minutes ago,https://media.thisvid.com/contents/videos_screenshots/13880000/13880526/240x180/2.jpg,1,2026-02-16T02:28:21.547056
boss-suit-cums5,boss suit cums - video 5,https://thisvid.com/videos/boss-suit-cums5/,2:18,HD,60%,50,47 minutes ago,https://media.thisvid.com/contents/videos_screenshots/13880000/13880523/240x180/5.jpg,1,2026-02-16T02:28:21.547059
str8-pornstars-nm-worshipped,*STR8 PORNSTARS* NM worshipped,https://thisvid.com/videos/str8-pornstars-nm-worshipped/,3:16,HD,0%,50,50 minutes ago,https://media.thisvid.com/contents/videos_screenshots/13880000/13880513/240x180/6.jpg,1,2026-02-16T02:28:21.547062
hot-blond-beef-gage,hot blond beef Gage,https://thisvid.com/videos/hot-blond-beef-gage/,8:45,HD,20%,26,51 minutes ago,https://media.thisvid.com/contents/videos_screenshots/13880000/13880505/240x180/2.jpg,1,2026-02-16T02:28:21.547065
hot-blond-bodybuilder-showing-off6,hot blond bodybuilder showing off - video 5,https://thisvid.com/videos/hot-blond-bodybuilder-showing-off6/,15:03,HD,20%,33,52 minutes ago,https://media.thisvid.com/contents/videos_screenshots/13880000/13880499/240x180/2.jpg,1,2026-02-16T02:28:21.547068
hot-blond-bodybuilder-showing-off4,hot blond bodybuilder showing off - video 4,https://thisvid.com/videos/hot-blond-bodybuilder-showing-off4/,4:25,HD,100%,36,52 minutes ago,https://media.thisvid.com/contents/videos_screenshots/13880000/13880497/240x180/2.jpg,1,2026-02-16T02:28:21.547083
boss-bondage-feet,boss bondage feet,https://thisvid.com/videos/boss-bondage-feet/,10:04,HD,100%,59,56 minutes ago,https://media.thisvid.com/contents/videos_screenshots/13880000/13880486/240x180/2.jpg,1,2026-02-16T02:28:21.547085
pissturbating2,pissturbating,https://thisvid.com/videos/pissturbating2/,13:56,HD,97%,113,56 minutes ago,https://media.thisvid.com/contents/videos_screenshots/13880000/13880483/240x180/5.jpg,1,2026-02-16T02:28:21.547089
delicious-nut,Delicious nut,https://thisvid.com/videos/delicious-nut/,0:29,,100%,54,48 minutes ago,https://media.thisvid.com/contents/videos_screenshots/13880000/13880999/240x180/2.jpg,2,2026-02-16T02:28:23.824077
blond-guy-jerks,Blond guy jerks,https://thisvid.com/videos/blond-guy-jerks/,0:15,HD,60%,60,48 minutes ago,https://media.thisvid.com/contents/videos_screenshots/13880000/13880994/240x180/2.jpg,2,2026-02-16T02:28:23.824092
pmv-nsfw-editz-bonus-3,PMV: NSFW EDITZ BONUS 3,https://thisvid.com/videos/pmv-nsfw-editz-bonus-3/,3:14,HD,0%,33,49 minutes ago,https://media.thisvid.com/contents/videos_screenshots/13880000/13880989/240x180/2.jpg,2,2026-02-16T02:28:23.824096
alpha-stepdad-demands-submission-part-2,Alpha Stepdad demands submission - Part 2,https://thisvid.com/videos/alpha-stepdad-demands-submission-part-2/,22:22,,100%,85,49 minutes ago,https://media.thisvid.com/contents/videos_screenshots/13880000/13880980/240x180/2.jpg,2,2026-02-16T02:28:23.824099
pmv-nsfw-editz-bonus-4,PMV: NSFW EDITZ BONUS 4,https://thisvid.com/videos/pmv-nsfw-editz-bonus-4/,4:10,HD,100%,35,52 minutes ago,https://media.thisvid.com/contents/videos_screenshots/13880000/13880990/240x180/2.jpg,2,2026-02-16T02:28:23.824102
hot-nut2,Hot nut - video 2,https://thisvid.com/videos/hot-nut2/,0:56,,100%,79,52 minutes ago,https://media.thisvid.com/contents/videos_screenshots/13880000/13880988/240x180/2.jpg,2,2026-02-16T02:28:23.824106
preview-fernando-with-balloons-and-beachballs,Preview: Fernando With Balloons and Beachballs,https://thisvid.com/videos/preview-fernando-with-balloons-and-beachballs/,0:46,HD,60%,43,53 minutes ago,https://media.thisvid.com/contents/videos_screenshots/13880000/13880967/240x180/2.jpg,2,2026-02-16T02:28:23.824110
hot-butt13,Hot butt - video 9,https://thisvid.com/videos/hot-butt13/,0:24,,100%,104,54 minutes ago,https://media.thisvid.com/contents/videos_screenshots/13880000/13880978/240x180/2.jpg,2,2026-02-16T02:28:23.824113
pmv-nsfw-editz-bonus-2,PMV: NSFW EDITZ BONUS 2,https://thisvid.com/videos/pmv-nsfw-editz-bonus-2/,3:41,HD,100%,74,56 minutes ago,https://media.thisvid.com/contents/videos_screenshots/13880000/13880970/240x180/5.jpg,2,2026-02-16T02:28:23.824116
italian-wet-cock-baited-pt-1,italian wet cock baited pt 1,https://thisvid.com/videos/italian-wet-cock-baited-pt-1/,0:11,HD,80%,88,56 minutes ago,https://media.thisvid.com/contents/videos_screenshots/13880000/13880968/240x180/2.jpg,2,2026-02-16T02:28:23.824120
pmv-nsfw-editz-bonus,PMV: NSFW EDITZ BONUS,https://thisvid.com/videos/pmv-nsfw-editz-bonus/,3:21,HD,100%,70,59 minutes ago,https://media.thisvid.com/contents/videos_screenshots/13880000/13880958/240x180/2.jpg,2,2026-02-16T02:28:23.824124
hot-blond-bodybuilder-showing-off7,hot blond bodybuilder showing off - video 7,https://thisvid.com/videos/hot-blond-bodybuilder-showing-off7/,4:53,HD,60%,63,1 hour ago,https://media.thisvid.com/contents/videos_screenshots/13880000/13880948/240x180/4.jpg,2,2026-02-16T02:28:23.824136
pmv-nsfw-editz-17,PMV: NSFW EDITZ 17,https://thisvid.com/videos/pmv-nsfw-editz-17/,0:23,HD,100%,47,1 hour ago,https://media.thisvid.com/contents/videos_screenshots/13880000/13880945/240x180/1.jpg,2,2026-02-16T02:28:23.824139
pmv-nsfw-editz-15,PMV: NSFW EDITZ 16,https://thisvid.com/videos/pmv-nsfw-editz-15/,0:18,HD,100%,54,1 hour ago,https://media.thisvid.com/contents/videos_screenshots/13880000/13880938/240x180/2.jpg,2,2026-02-16T02:28:23.824143
pmv-nsfw-editz-14,PMV: NSFW EDITZ 15,https://thisvid.com/videos/pmv-nsfw-editz-14/,0:21,HD,100%,16,1 hour ago,https://media.thisvid.com/contents/videos_screenshots/13880000/13880931/240x180/1.jpg,2,2026-02-16T02:28:23.824146
pmv-nsfw-editz-16,PMV: NSFW EDITZ 14,https://thisvid.com/videos/pmv-nsfw-editz-16/,1:05,HD,100%,86,1 hour ago,https://media.thisvid.com/contents/videos_screenshots/13880000/13880928/240x180/2.jpg,2,2026-02-16T02:28:23.824149
phillips-f-cumming,phillips_f cumming,https://thisvid.com/videos/phillips-f-cumming/,0:35,HD,100%,77,1 hour ago,https://media.thisvid.com/contents/videos_screenshots/13880000/13880912/240x180/2.jpg,2,2026-02-16T02:28:23.824153
cum-tribute-to-mexican-bodybuilder,CUM TRIBUTE TO MEXICAN BODYBUILDER,https://thisvid.com/videos/cum-tribute-to-mexican-bodybuilder/,0:56,HD,20%,51,1 hour ago,https://media.thisvid.com/contents/videos_screenshots/13880000/13880905/240x180/1.jpg,2,2026-02-16T02:28:23.824156
construction-worker46,Construction worker,https://thisvid.com/videos/construction-worker46/,0:19,,100%,159,1 hour ago,https://media.thisvid.com/contents/videos_screenshots/13880000/13880889/240x180/2.jpg,2,2026-02-16T02:28:23.824159
pmv-nsfw-editz-13,PMV: NSFW EDITZ 13,https://thisvid.com/videos/pmv-nsfw-editz-13/,0:17,HD,100%,52,1 hour ago,https://media.thisvid.com/contents/videos_screenshots/13880000/13880879/240x180/2.jpg,2,2026-02-16T02:28:23.824163
stud-ums-in-his-underwear,Stud cums in his underwear,https://thisvid.com/videos/stud-ums-in-his-underwear/,1:53,HD,100%,62,1 hour ago,https://media.thisvid.com/contents/videos_screenshots/13880000/13880874/240x180/6.jpg,2,2026-02-16T02:28:23.824166
pmv-nsfw-editz-12,PMV: NSFW EDITZ 12,https://thisvid.com/videos/pmv-nsfw-editz-12/,0:16,HD,100%,42,1 hour ago,https://media.thisvid.com/contents/videos_screenshots/13880000/13880873/240x180/5.jpg,2,2026-02-16T02:28:23.824169
sexy-roomate-with-bush-filmed-changing-lol,sexy roomate with bush filmed changing lol,https://thisvid.com/videos/sexy-roomate-with-bush-filmed-changing-lol/,0:07,HD,0%,52,1 hour ago,https://media.thisvid.com/contents/videos_screenshots/13880000/13880868/240x180/2.jpg,2,2026-02-16T02:28:23.824172
pmv-nsfw-editz-11-1,PMV: NSFW EDITZ 11,https://thisvid.com/videos/pmv-nsfw-editz-11-1/,0:20,HD,100%,28,1 hour ago,https://media.thisvid.com/contents/videos_screenshots/13880000/13880867/240x180/5.jpg,2,2026-02-16T02:28:23.824175
drool-piss-and-cum,Drool piss and cum,https://thisvid.com/videos/drool-piss-and-cum/,0:53,HD,100%,83,1 hour ago,https://media.thisvid.com/contents/videos_screenshots/13880000/13880865/240x180/2.jpg,2,2026-02-16T02:28:23.824179
pmv-nsfw-editz-11,PMV: NSFW EDITZ 10,https://thisvid.com/videos/pmv-nsfw-editz-11/,0:21,HD,100%,66,1 hour ago,https://media.thisvid.com/contents/videos_screenshots/13880000/13880861/240x180/3.jpg,2,2026-02-16T02:28:23.824181
pmv-nsfw-editz-9,PMV: NSFW EDITZ 9,https://thisvid.com/videos/pmv-nsfw-editz-9/,0:17,HD,100%,34,1 hour ago,https://media.thisvid.com/contents/videos_screenshots/13880000/13880854/240x180/1.jpg,2,2026-02-16T02:28:23.824185
alpha-god-masturbation-session,Alpha GOD Masturbation Session,https://thisvid.com/videos/alpha-god-masturbation-session/,4:31,HD,100%,105,1 hour ago,https://media.thisvid.com/contents/videos_screenshots/13880000/13880843/240x180/1.jpg,2,2026-02-16T02:28:23.824188
fine-lightskin-gets-interrupted,Fine lightskin gets interrupted,https://thisvid.com/videos/fine-lightskin-gets-interrupted/,0:37,,100%,197,1 hour ago,https://media.thisvid.com/contents/videos_screenshots/13880000/13880842/240x180/2.jpg,2,2026-02-16T02:28:23.824191
gloryhole-handjob-with-cum2,Gloryhole Handjob (with cum),https://thisvid.com/videos/gloryhole-handjob-with-cum2/,0:40,HD,80%,101,1 hour ago,https://media.thisvid.com/contents/videos_screenshots/13880000/13880837/240x180/2.jpg,2,2026-02-16T02:28:23.824194
buddy-tries-to-film-a-sneaky-dick-slip,buddy tries to film a sneaky dick slip,https://thisvid.com/videos/buddy-tries-to-film-a-sneaky-dick-slip/,0:14,HD,100%,120,1 hour ago,https://media.thisvid.com/contents/videos_screenshots/13880000/13880836/240x180/2.jpg,2,2026-02-16T02:28:23.824197
massage-asia,Massage asia,https://thisvid.com/videos/massage-asia/,15:31,,100%,51,1 hour ago,https://media.thisvid.com/contents/videos_screenshots/13880000/13880816/240x180/2.jpg,2,2026-02-16T02:28:23.824216
jock-fucked-by-older-stranger,jock fucked by older stranger,https://thisvid.com/videos/jock-fucked-by-older-stranger/,0:53,,100%,157,1 hour ago,https://media.thisvid.com/contents/videos_screenshots/13880000/13880822/240x180/2.jpg,2,2026-02-16T02:28:23.824220
bros-flashing-dicks,Bros Flashing Dicks,https://thisvid.com/videos/bros-flashing-dicks/,0:15,,100%,122,1 hour ago,https://media.thisvid.com/contents/videos_screenshots/13880000/13880821/240x180/2.jpg,2,2026-02-16T02:28:23.824223
pretty-boy-showing-off-his-naked-body-at-the-beach,pretty boy showing off his naked body at the beach,https://thisvid.com/videos/pretty-boy-showing-off-his-naked-body-at-the-beach/,0:13,,73%,132,1 hour ago,https://media.thisvid.com/contents/videos_screenshots/13880000/13880820/240x180/2.jpg,2,2026-02-16T02:28:23.824226
in-abs-stechen,In Abs Stechen !,https://thisvid.com/videos/in-abs-stechen/,0:05,,20%,27,1 hour ago,https://media.thisvid.com/contents/videos_screenshots/13880000/13880817/240x180/2.jpg,2,2026-02-16T02:28:23.824229
daddy-big-cock43,Daddy big cock - video 37,https://thisvid.com/videos/daddy-big-cock43/,6:04,HD,100%,75,1 hour ago,https://media.thisvid.com/contents/videos_screenshots/13881000/13881090/240x180/1.jpg,3,2026-02-16T02:28:26.076472
daddy646,Daddy - video 340,https://thisvid.com/videos/daddy646/,12:58,HD,80%,52,1 hour ago,https://media.thisvid.com/contents/videos_screenshots/13881000/13881082/240x180/1.jpg,3,2026-02-16T02:28:26.076490
friend-sucking-on-the-hot-guy-s-nipple3,... - friend sucking on the hot guy's nipple - video 3,https://thisvid.com/videos/friend-sucking-on-the-hot-guy-s-nipple3/,10:24,HD,0%,62,1 hour ago,https://media.thisvid.com/contents/videos_screenshots/13881000/13881072/240x180/2.jpg,3,2026-02-16T02:28:26.076495
friend-sucking-on-the-hot-guy-s-nipple,... - friend sucking on the hot guy's nipple - video 2,https://thisvid.com/videos/friend-sucking-on-the-hot-guy-s-nipple/,8:27,,80%,63,1 hour ago,https://media.thisvid.com/contents/videos_screenshots/13881000/13881067/240x180/2.jpg,3,2026-02-16T02:28:26.076498
dainesepl-nad-friend,DainesePL nad friend,https://thisvid.com/videos/dainesepl-nad-friend/,6:36,HD,0%,49,1 hour ago,https://media.thisvid.com/contents/videos_screenshots/13881000/13881053/240x180/2.jpg,3,2026-02-16T02:28:26.076502
hunk-plays-with-butt,hunk plays with butt,https://thisvid.com/videos/hunk-plays-with-butt/,17:46,,100%,119,1 hour ago,https://media.thisvid.com/contents/videos_screenshots/13881000/13881080/240x180/2.jpg,3,2026-02-16T02:28:26.076505
friend-sucking-on-the-hot-guy-s-nipple2,... - friend sucking on the hot guy's nipple,https://thisvid.com/videos/friend-sucking-on-the-hot-guy-s-nipple2/,0:58,HD,100%,70,1 hour ago,https://media.thisvid.com/contents/videos_screenshots/13881000/13881071/240x180/2.jpg,3,2026-02-16T02:28:26.076508
str8-man-partially-show-hole-and-jerks-off,str8 man partially show hole and jerks off,https://thisvid.com/videos/str8-man-partially-show-hole-and-jerks-off/,2:57,HD,100%,61,1 hour ago,https://media.thisvid.com/contents/videos_screenshots/13881000/13881075/240x180/2.jpg,3,2026-02-16T02:28:26.076512
mario-lee-and-lukas,Mario Lee and Lukas,https://thisvid.com/videos/mario-lee-and-lukas/,19:17,,100%,77,1 hour ago,https://media.thisvid.com/contents/videos_screenshots/13881000/13881061/240x180/2.jpg,3,2026-02-16T02:28:26.076516
swimming-pool-relief,Swimming pool relief,https://thisvid.com/videos/swimming-pool-relief/,0:10,HD,100%,56,1 hour ago,https://media.thisvid.com/contents/videos_screenshots/13881000/13881054/240x180/2.jpg,3,2026-02-16T02:28:26.076519
bunkbed-wedgie,Bunkbed ... wedgie,https://thisvid.com/videos/bunkbed-wedgie/,2:36,HD,60%,59,1 hour ago,https://media.thisvid.com/contents/videos_screenshots/13881000/13881052/240x180/2.jpg,3,2026-02-16T02:28:26.076524
meando-y-en-la-ba-era,Meando y ... en la bañera,https://thisvid.com/videos/meando-y-en-la-ba-era/,0:15,HD,0%,3,1 hour ago,https://media.thisvid.com/contents/videos_screenshots/13881000/13881048/240x180/2.jpg,3,2026-02-16T02:28:26.076527
jesus-en-boxer-jalandosela-avienta-semen-capitulo-16,Jesus en boxer Jalandosela avienta semen capitulo 1,https://thisvid.com/videos/jesus-en-boxer-jalandosela-avienta-semen-capitulo-16/,7:10,HD,0%,31,1 hour ago,https://media.thisvid.com/contents/videos_screenshots/13881000/13881029/240x180/4.jpg,3,2026-02-16T02:28:26.076531
hairy-bear44,Hairy bear - video 21,https://thisvid.com/videos/hairy-bear44/,3:29,HD,90%,59,1 hour ago,https://media.thisvid.com/contents/videos_screenshots/13881000/13881047/240x180/2.jpg,3,2026-02-16T02:28:26.076534
daddy-bear-mature2,"Daddy, bear, mature",https://thisvid.com/videos/daddy-bear-mature2/,1:58,HD,100%,122,1 hour ago,https://media.thisvid.com/contents/videos_screenshots/13881000/13881046/240x180/2.jpg,3,2026-02-16T02:28:26.076538
daddy-bear-mature,Daddy bear mature,https://thisvid.com/videos/daddy-bear-mature/,3:55,HD,100%,109,1 hour ago,https://media.thisvid.com/contents/videos_screenshots/13881000/13881035/240x180/2.jpg,3,2026-02-16T02:28:26.076541
two-to-five-minute-men-part-10-2,Two to Five Minute Men Part 10-2,https://thisvid.com/videos/two-to-five-minute-men-part-10-2/,33:13,HD,100%,54,1 hour ago,https://media.thisvid.com/contents/videos_screenshots/13881000/13881011/240x180/1.jpg,3,2026-02-16T02:28:26.076544
pmv-nsfw-editz-bonus-6,PMV: NSFW EDITZ BONUS 6,https://thisvid.com/videos/pmv-nsfw-editz-bonus-6/,1:11,HD,0%,50,1 hour ago,https://media.thisvid.com/contents/videos_screenshots/13881000/13881006/240x180/2.jpg,3,2026-02-16T02:28:26.076547
pmv-nsfw-editz-bonus-5,PMV: NSFW EDITZ BONUS 5,https://thisvid.com/videos/pmv-nsfw-editz-bonus-5/,4:42,HD,0%,31,1 hour ago,https://media.thisvid.com/contents/videos_screenshots/13881000/13881005/240x180/2.jpg,3,2026-02-16T02:28:26.076550
guy-nuts-on-his-own-face,Guy nuts on his own face,https://thisvid.com/videos/guy-nuts-on-his-own-face/,0:56,,100%,71,1 hour ago,https://media.thisvid.com/contents/videos_screenshots/13881000/13881003/240x180/2.jpg,3,2026-02-16T02:28:26.076554
delicious-nut,Delicious nut,https://thisvid.com/videos/delicious-nut/,0:29,,100%,54,1 hour ago,https://media.thisvid.com/contents/videos_screenshots/13880000/13880999/240x180/2.jpg,3,2026-02-16T02:28:26.076557
blond-guy-jerks,Blond guy jerks,https://thisvid.com/videos/blond-guy-jerks/,0:15,HD,60%,64,1 hour ago,https://media.thisvid.com/contents/videos_screenshots/13880000/13880994/240x180/2.jpg,3,2026-02-16T02:28:26.076560
pmv-nsfw-editz-bonus-3,PMV: NSFW EDITZ BONUS 3,https://thisvid.com/videos/pmv-nsfw-editz-bonus-3/,3:14,HD,0%,36,1 hour ago,https://media.thisvid.com/contents/videos_screenshots/13880000/13880989/240x180/2.jpg,3,2026-02-16T02:28:26.076563
alpha-stepdad-demands-submission-part-2,Alpha Stepdad demands submission - Part 2,https://thisvid.com/videos/alpha-stepdad-demands-submission-part-2/,22:22,,100%,88,1 hour ago,https://media.thisvid.com/contents/videos_screenshots/13880000/13880980/240x180/2.jpg,3,2026-02-16T02:28:26.076567
pmv-nsfw-editz-bonus-4,PMV: NSFW EDITZ BONUS 4,https://thisvid.com/videos/pmv-nsfw-editz-bonus-4/,4:10,HD,100%,35,1 hour ago,https://media.thisvid.com/contents/videos_screenshots/13880000/13880990/240x180/2.jpg,3,2026-02-16T02:28:26.076570
hot-nut2,Hot nut - video 2,https://thisvid.com/videos/hot-nut2/,0:56,,100%,82,1 hour ago,https://media.thisvid.com/contents/videos_screenshots/13880000/13880988/240x180/2.jpg,3,2026-02-16T02:28:26.076574
preview-fernando-with-balloons-and-beachballs,Preview: Fernando With Balloons and Beachballs,https://thisvid.com/videos/preview-fernando-with-balloons-and-beachballs/,0:46,HD,60%,47,1 hour ago,https://media.thisvid.com/contents/videos_screenshots/13880000/13880967/240x180/2.jpg,3,2026-02-16T02:28:26.076578
hot-butt13,Hot butt - video 9,https://thisvid.com/videos/hot-butt13/,0:24,,100%,107,1 hour ago,https://media.thisvid.com/contents/videos_screenshots/13880000/13880978/240x180/2.jpg,3,2026-02-16T02:28:26.076580
pmv-nsfw-editz-bonus-2,PMV: NSFW EDITZ BONUS 2,https://thisvid.com/videos/pmv-nsfw-editz-bonus-2/,3:41,HD,100%,78,2 hours ago,https://media.thisvid.com/contents/videos_screenshots/13880000/13880970/240x180/5.jpg,3,2026-02-16T02:28:26.076584
italian-wet-cock-baited-pt-1,italian wet cock baited pt 1,https://thisvid.com/videos/italian-wet-cock-baited-pt-1/,0:11,HD,80%,89,2 hours ago,https://media.thisvid.com/contents/videos_screenshots/13880000/13880968/240x180/2.jpg,3,2026-02-16T02:28:26.076586
pmv-nsfw-editz-bonus,PMV: NSFW EDITZ BONUS,https://thisvid.com/videos/pmv-nsfw-editz-bonus/,3:21,HD,100%,75,2 hours ago,https://media.thisvid.com/contents/videos_screenshots/13880000/13880958/240x180/2.jpg,3,2026-02-16T02:28:26.076589
hot-blond-bodybuilder-showing-off7,hot blond bodybuilder showing off - video 7,https://thisvid.com/videos/hot-blond-bodybuilder-showing-off7/,4:53,HD,60%,63,2 hours ago,https://media.thisvid.com/contents/videos_screenshots/13880000/13880948/240x180/4.jpg,3,2026-02-16T02:28:26.076592
pmv-nsfw-editz-17,PMV: NSFW EDITZ 17,https://thisvid.com/videos/pmv-nsfw-editz-17/,0:23,HD,100%,49,2 hours ago,https://media.thisvid.com/contents/videos_screenshots/13880000/13880945/240x180/1.jpg,3,2026-02-16T02:28:26.076595
pmv-nsfw-editz-15,PMV: NSFW EDITZ 16,https://thisvid.com/videos/pmv-nsfw-editz-15/,0:18,HD,100%,59,2 hours ago,https://media.thisvid.com/contents/videos_screenshots/13880000/13880938/240x180/2.jpg,3,2026-02-16T02:28:26.076599
pmv-nsfw-editz-14,PMV: NSFW EDITZ 15,https://thisvid.com/videos/pmv-nsfw-editz-14/,0:21,HD,100%,17,2 hours ago,https://media.thisvid.com/contents/videos_screenshots/13880000/13880931/240x180/1.jpg,3,2026-02-16T02:28:26.076602
pmv-nsfw-editz-16,PMV: NSFW EDITZ 14,https://thisvid.com/videos/pmv-nsfw-editz-16/,1:05,HD,100%,91,2 hours ago,https://media.thisvid.com/contents/videos_screenshots/13880000/13880928/240x180/2.jpg,3,2026-02-16T02:28:26.076605
